日期 ,时间 ,维度 ,经度 ,海拔 ,速度 ,卫星数量 ,方向
2017年10月05日,9小时32分38秒,N 40.47.533度,E 111.41.856度,1108m,22.5944km/s,5,253.6度
2017年10月05日,9小时32分39秒,N 40.47.532度,E 111.41.852度,1106m,20.9276km/s,5,254.3度
2017年10月05日,9小时32分39秒,N 40.47.532度,E 111.41.852度,1106m,20.9276km/s,5,254.3度
2017年10月05日,9小时32分41秒,N 40.47.557度,E 111.41.837度,1181m,22.7796km/s,6,252.0度
2017年10月05日,9小时32分42秒,N 40.47.563度,E 111.41.830度,1199m,22.5944km/s,6,255.4度
2017年10月05日,9小时32分43秒,N 40.47.561度,E 111.41.826度,1195m,26.2984km/s,6,257.0度
2017年10月05日,9小时32分44秒,N 40.47.560度,E 111.41.821度,1194m,26.8540km/s,6,258.9度
2017年10月05日,9小时32分45秒,N 40.47.559度,E 111.41.815度,1192m,27.2244km/s,6,260.2度
2017年10月05日,9小时32分46秒,N 40.47.560度,E 111.41.810度,1194m,27.0392km/s,6,259.4度
2017年10月05日,9小时32分47秒,N 40.47.558度,E 111.41.806度,1195m,25.7428km/s,6,252.7度
2017年10月05日,9小时32分48秒,N 40.47.558度,E 111.41.800度,1196m,27.2244km/s,6,257.7度
2017年10月05日,9小时32分49秒,N 40.47.555度,E 111.41.796度,1184m,27.5948km/s,7,259.9度
2017年10月05日,9小时32分50秒,N 40.47.551度,E 111.41.791度,1174m,26.8540km/s,7,258.7度
2017年10月05日,9小时32分51秒,N 40.47.549度,E 111.41.787度,1167m,23.8908km/s,7,254.0度
2017年10月05日,9小时32分52秒,N 40.47.547度,E 111.41.783度,1162m,20.5572km/s,8,254.8度
2017年10月05日,9小时32分53秒,N 40.47.548度,E 111.41.779度,1159m,19.8164km/s,8,259.7度
2017年10月05日,9小时32分54秒,N 40.47.547度,E 111.41.776度,1151m,17.7792km/s,8,273.7度
2017年10月05日,9小时32分55秒,N 40.47.547度,E 111.41.771度,1147m,17.2236km/s,8,298.6度
2017年10月05日,9小时32分56秒,N 40.47.549度,E 111.41.769度,1147m,20.3720km/s,8,327.2度
2017年10月05日,9小时32分57秒,N 40.47.552度,E 111.41.767度,1147m,24.2612km/s,8,338.5度
2017年10月05日,9小时32分58秒,N 40.47.556度,E 111.41.766度,1146m,30.1876km/s,8,341.1度
2017年10月05日,9小时32分59秒,N 40.47.560度,E 111.41.764度,1145m,34.2620km/s,8,340.4度
2017年10月05日,9小时33分0秒,N 40.47.565度,E 111.41.762度,1144m,37.2252km/s,8,339.9度
2017年10月05日,9小时33分1秒,N 40.47.571度,E 111.41.759度,1144m,41.1144km/s,8,339.6度
2017年10月05日,9小时33分2秒,N 40.47.577度,E 111.41.757度,1143m,42.0404km/s,8,339.2度
2017年10月05日,9小时33分3秒,N 40.47.583度,E 111.41.754度,1142m,43.1516km/s,8,338.7度
2017年10月05日,9小时33分4秒,N 40.47.589度,E 111.41.751度,1142m,41.6700km/s,8,339.4度
2017年10月05日,9小时33分5秒,N 40.47.595度,E 111.41.748度,1142m,41.1144km/s,8,339.1度
2017年10月05日,9小时33分6秒,N 40.47.601度,E 111.41.746度,1142m,40.5588km/s,8,339.9度
2017年10月05日,9小时33分7秒,N 40.47.607度,E 111.41.743度,1142m,39.6328km/s,8,340.3度
2017年10月05日,9小时33分8秒,N 40.47.613度,E 111.41.741度,1141m,38.1512km/s,8,341.2度
2017年10月05日,9小时33分9秒,N 40.47.618度,E 111.41.738度,1142m,34.8176km/s,8,342.0度
2017年10月05日,9小时33分10秒,N 40.47.623度,E 111.41.737度,1141m,30.5580km/s,8,342.1度
2017年10月05日,9小时33分11秒,N 40.47.627度,E 111.41.735度,1140m,27.4096km/s,9,342.6度
2017年10月05日,9小时33分12秒,N 40.47.631度,E 111.41.734度,1140m,24.4464km/s,9,342.9度
2017年10月05日,9小时33分13秒,N 40.47.634度,E 111.41.733度,1139m,21.4832km/s,9,343.2度
2017年10月05日,9小时33分14秒,N 40.47.637度,E 111.41.732度,1139m,17.9644km/s,9,343.4度
2017年10月05日,9小时33分15秒,N 40.47.639度,E 111.41.731度,1139m,14.8160km/s,10,343.5度
2017年10月05日,9小时33分16秒,N 40.47.641度,E 111.41.730度,1140m,13.1492km/s,8,343.4度
2017年10月05日,9小时33分17秒,N 40.47.643度,E 111.41.730度,1139m,12.9640km/s,8,343.3度
2017年10月05日,9小时33分18秒,N 40.47.645度,E 111.41.729度,1139m,12.4084km/s,8,343.0度
2017年10月05日,9小时33分19秒,N 40.47.646度,E 111.41.728度,1138m,10.3712km/s,8,343.0度
2017年10月05日,9小时33分20秒,N 40.47.647度,E 111.41.728度,1137m,7.2228km/s,8,338.0度
2017年10月05日,9小时33分21秒,N 40.47.648度,E 111.41.727度,1137m,4.4448km/s,8,338.0度
2017年10月05日,9小时33分22秒,N 40.47.648度,E 111.41.727度,1136m,2.5928km/s,8,338.0度
2017年10月05日,9小时33分23秒,N 40.47.648度,E 111.41.727度,1135m,1.6668km/s,9,338.0度
2017年10月05日,9小时33分24秒,N 40.47.648度,E 111.41.727度,1135m,1.6668km/s,9,338.0度
2017年10月05日,9小时33分25秒,N 40.47.617度,E 111.41.721度,1132m,2.0372km/s,10,338.0度
2017年10月05日,9小时33分26秒,N 40.47.617度,E 111.41.720度,1128m,2.0372km/s,9,338.0度
2017年10月05日,9小时33分27秒,N 40.47.617度,E 111.41.721度,1122m,1.8520km/s,9,338.0度
2017年10月05日,9小时33分28秒,N 40.47.618度,E 111.41.722度,1119m,2.4076km/s,9,338.0度
2017年10月05日,9小时33分29秒,N 40.47.618度,E 111.41.722度,1115m,2.7780km/s,9,338.0度
2017年10月05日,9小时33分30秒,N 40.47.618度,E 111.41.723度,1113m,0.0000km/s,9,338.0度
2017年10月05日,9小时33分31秒,N 40.47.617度,E 111.41.726度,1101m,0.0000km/s,10,338.0度
2017年10月05日,9小时33分32秒,N 40.47.616度,E 111.41.728度,1092m,0.0000km/s,10,338.0度
2017年10月05日,9小时33分33秒,N 40.47.617度,E 111.41.734度,1071m,0.0000km/s,10,338.0度
2017年10月05日,9小时33分34秒,N 40.47.617度,E 111.41.736度,1063m,0.0000km/s,10,338.0度
2017年10月05日,9小时33分35秒,N 40.47.617度,E 111.41.736度,1062m,0.1852km/s,10,338.0度
2017年10月05日,9小时33分36秒,N 40.47.618度,E 111.41.736度,1061m,0.3704km/s,10,338.0度
2017年10月05日,9小时33分37秒,N 40.47.618度,E 111.41.736度,1060m,0.5556km/s,10,338.0度
2017年10月05日,9小时33分38秒,N 40.47.619度,E 111.41.735度,1060m,0.5556km/s,10,338.0度
2017年10月05日,9小时33分39秒,N 40.47.620度,E 111.41.735度,1059m,0.1852km/s,10,338.0度
2017年10月05日,9小时33分40秒,N 40.47.620度,E 111.41.735度,1058m,0.0000km/s,9,338.0度
2017年10月05日,9小时33分41秒,N 40.47.621度,E 111.41.735度,1058m,0.0000km/s,9,338.0度
2017年10月05日,9小时33分42秒,N 40.47.621度,E 111.41.735度,1058m,0.0000km/s,9,338.0度
2017年10月05日,9小时33分43秒,N 40.47.621度,E 111.41.735度,1058m,0.0000km/s,9,338.0度
2017年10月05日,9小时33分44秒,N 40.47.621度,E 111.41.735度,1058m,0.0000km/s,9,338.0度
2017年10月05日,9小时33分45秒,N 40.47.621度,E 111.41.735度,1058m,0.0000km/s,9,338.0度
2017年10月05日,9小时33分46秒,N 40.47.621度,E 111.41.735度,1058m,0.0000km/s,9,338.0度
2017年10月05日,9小时33分47秒,N 40.47.621度,E 111.41.735度,1058m,0.0000km/s,9,338.0度
2017年10月05日,9小时33分48秒,N 40.47.621度,E 111.41.735度,1058m,0.0000km/s,9,338.0度
2017年10月05日,9小时33分49秒,N 40.47.621度,E 111.41.735度,1058m,0.0000km/s,9,338.0度
2017年10月05日,9小时33分50秒,N 40.47.621度,E 111.41.735度,1058m,0.0000km/s,9,338.0度
2017年10月05日,9小时33分51秒,N 40.47.621度,E 111.41.735度,1058m,0.0000km/s,9,338.0度
2017年10月05日,9小时33分52秒,N 40.47.621度,E 111.41.735度,1058m,0.0000km/s,9,338.0度
2017年10月05日,9小时33分53秒,N 40.47.621度,E 111.41.735度,1058m,0.0000km/s,9,338.0度
2017年10月05日,9小时33分54秒,N 40.47.621度,E 111.41.735度,1058m,0.0000km/s,9,338.0度
2017年10月05日,9小时33分55秒,N 40.47.621度,E 111.41.735度,1058m,0.0000km/s,9,338.0度
2017年10月05日,9小时33分56秒,N 40.47.621度,E 111.41.735度,1058m,0.0000km/s,9,338.0度
2017年10月05日,9小时33分57秒,N 40.47.621度,E 111.41.735度,1058m,0.0000km/s,10,338.0度
2017年10月05日,9小时33分58秒,N 40.47.621度,E 111.41.735度,1058m,0.0000km/s,10,338.0度
2017年10月05日,9小时33分59秒,N 40.47.621度,E 111.41.735度,1058m,0.0000km/s,10,338.0度
2017年10月05日,9小时34分0秒,N 40.47.621度,E 111.41.735度,1058m,0.0000km/s,10,338.0度
2017年10月05日,9小时34分1秒,N 40.47.621度,E 111.41.735度,1058m,0.0000km/s,9,338.0度
2017年10月05日,9小时34分2秒,N 40.47.621度,E 111.41.735度,1058m,0.0000km/s,9,338.0度
2017年10月05日,9小时34分3秒,N 40.47.621度,E 111.41.735度,1058m,0.0000km/s,9,338.0度
2017年10月05日,9小时34分4秒,N 40.47.621度,E 111.41.735度,1058m,0.0000km/s,9,338.0度
2017年10月05日,9小时34分5秒,N 40.47.621度,E 111.41.735度,1058m,0.0000km/s,9,338.0度
2017年10月05日,9小时34分6秒,N 40.47.621度,E 111.41.735度,1058m,0.0000km/s,9,338.0度
2017年10月05日,9小时34分7秒,N 40.47.621度,E 111.41.735度,1058m,0.0000km/s,9,338.0度
2017年10月05日,9小时34分8秒,N 40.47.621度,E 111.41.735度,1058m,0.0000km/s,9,338.0度
2017年10月05日,9小时34分9秒,N 40.47.622度,E 111.41.734度,1058m,1.1112km/s,9,338.0度
2017年10月05日,9小时34分10秒,N 40.47.622度,E 111.41.734度,1058m,1.4816km/s,9,338.0度
2017年10月05日,9小时34分11秒,N 40.47.623度,E 111.41.734度,1058m,1.8520km/s,10,338.0度
2017年10月05日,9小时34分12秒,N 40.47.623度,E 111.41.734度,1058m,2.4076km/s,10,338.0度
2017年10月05日,9小时34分13秒,N 40.47.623度,E 111.41.734度,1058m,3.1484km/s,10,338.0度
2017年10月05日,9小时34分14秒,N 40.47.624度,E 111.41.734度,1058m,4.2596km/s,10,338.0度
2017年10月05日,9小时34分15秒,N 40.47.624度,E 111.41.733度,1058m,5.7412km/s,10,339.1度
2017年10月05日,9小时34分16秒,N 40.47.626度,E 111.41.733度,1058m,2.7780km/s,10,340.7度
2017年10月05日,9小时34分17秒,N 40.47.626度,E 111.41.733度,1058m,0.0000km/s,10,340.7度
2017年10月05日,9小时34分18秒,N 40.47.627度,E 111.41.733度,1058m,0.0000km/s,10,340.7度
2017年10月05日,9小时34分19秒,N 40.47.627度,E 111.41.733度,1058m,0.0000km/s,10,340.7度
2017年10月05日,9小时34分20秒,N 40.47.627度,E 111.41.733度,1058m,0.0000km/s,9,340.7度
2017年10月05日,9小时34分21秒,N 40.47.627度,E 111.41.733度,1058m,0.0000km/s,9,340.7度
2017年10月05日,9小时34分22秒,N 40.47.627度,E 111.41.733度,1058m,0.0000km/s,9,340.7度
2017年10月05日,9小时34分23秒,N 40.47.627度,E 111.41.733度,1058m,0.0000km/s,8,340.7度
2017年10月05日,9小时34分24秒,N 40.47.627度,E 111.41.733度,1058m,0.0000km/s,10,340.7度
2017年10月05日,9小时34分25秒,N 40.47.627度,E 111.41.733度,1058m,0.0000km/s,9,340.7度
2017年10月05日,9小时34分26秒,N 40.47.627度,E 111.41.733度,1058m,0.0000km/s,9,340.7度
2017年10月05日,9小时34分27秒,N 40.47.627度,E 111.41.733度,1058m,0.0000km/s,9,340.7度
2017年10月05日,9小时34分28秒,N 40.47.627度,E 111.41.733度,1058m,0.0000km/s,10,340.7度
2017年10月05日,9小时34分29秒,N 40.47.627度,E 111.41.733度,1058m,0.0000km/s,10,340.7度
2017年10月05日,9小时34分30秒,N 40.47.627度,E 111.41.733度,1058m,0.0000km/s,10,340.7度
2017年10月05日,9小时34分31秒,N 40.47.627度,E 111.41.733度,1058m,0.0000km/s,10,340.7度
2017年10月05日,9小时34分32秒,N 40.47.627度,E 111.41.733度,1058m,0.0000km/s,10,340.7度
2017年10月05日,9小时34分33秒,N 40.47.627度,E 111.41.733度,1058m,0.0000km/s,10,340.7度
2017年10月05日,9小时34分34秒,N 40.47.627度,E 111.41.733度,1058m,0.0000km/s,10,340.7度
2017年10月05日,9小时34分35秒,N 40.47.627度,E 111.41.733度,1058m,0.0000km/s,10,340.7度
2017年10月05日,9小时34分36秒,N 40.47.627度,E 111.41.733度,1058m,0.0000km/s,10,340.7度
2017年10月05日,9小时34分37秒,N 40.47.627度,E 111.41.733度,1058m,0.7408km/s,10,340.7度
2017年10月05日,9小时34分38秒,N 40.47.627度,E 111.41.733度,1058m,0.7408km/s,10,340.7度
2017年10月05日,9小时34分39秒,N 40.47.627度,E 111.41.733度,1058m,0.7408km/s,10,340.7度
2017年10月05日,9小时34分40秒,N 40.47.627度,E 111.41.733度,1058m,1.1112km/s,10,337.5度
2017年10月05日,9小时34分41秒,N 40.47.627度,E 111.41.733度,1057m,1.1112km/s,10,349.7度
2017年10月05日,9小时34分42秒,N 40.47.627度,E 111.41.733度,1057m,1.6668km/s,10,348.5度
2017年10月05日,9小时34分43秒,N 40.47.627度,E 111.41.733度,1057m,1.6668km/s,10,347.2度
2017年10月05日,9小时34分44秒,N 40.47.628度,E 111.41.732度,1058m,2.0372km/s,10,348.9度
2017年10月05日,9小时34分45秒,N 40.47.628度,E 111.41.732度,1057m,2.7780km/s,10,340.0度
2017年10月05日,9小时34分46秒,N 40.47.628度,E 111.41.732度,1057m,3.5188km/s,10,341.0度
2017年10月05日,9小时34分47秒,N 40.47.629度,E 111.41.731度,1057m,4.6300km/s,9,341.4度
2017年10月05日,9小时34分48秒,N 40.47.630度,E 111.41.731度,1057m,7.5932km/s,9,339.1度
2017年10月05日,9小时34分49秒,N 40.47.631度,E 111.41.729度,1057m,9.4452km/s,9,337.8度
2017年10月05日,9小时34分50秒,N 40.47.633度,E 111.41.729度,1057m,12.9640km/s,9,337.0度
2017年10月05日,9小时34分51秒,N 40.47.635度,E 111.41.727度,1058m,13.7048km/s,9,336.4度
2017年10月05日,9小时34分52秒,N 40.47.637度,E 111.41.726度,1058m,16.2976km/s,9,335.9度
2017年10月05日,9小时34分53秒,N 40.47.640度,E 111.41.724度,1058m,17.9644km/s,9,335.1度
2017年10月05日,9小时34分54秒,N 40.47.642度,E 111.41.722度,1058m,16.8532km/s,9,334.8度
2017年10月05日,9小时34分55秒,N 40.47.645度,E 111.41.721度,1058m,15.5568km/s,9,335.7度
2017年10月05日,9小时34分56秒,N 40.47.647度,E 111.41.720度,1058m,17.2236km/s,9,337.2度
2017年10月05日,9小时34分57秒,N 40.47.649度,E 111.41.719度,1058m,16.2976km/s,9,338.4度
2017年10月05日,9小时34分58秒,N 40.47.651度,E 111.41.718度,1058m,15.7420km/s,9,340.7度
2017年10月05日,9小时34分59秒,N 40.47.654度,E 111.41.717度,1058m,18.5200km/s,10,343.2度
2017年10月05日,9小时35分0秒,N 40.47.657度,E 111.41.716度,1058m,22.0388km/s,10,345.1度
2017年10月05日,9小时35分1秒,N 40.47.660度,E 111.41.715度,1057m,22.7796km/s,10,345.6度
2017年10月05日,9小时35分2秒,N 40.47.664度,E 111.41.714度,1057m,22.2240km/s,10,346.5度
2017年10月05日,9小时35分3秒,N 40.47.667度,E 111.41.713度,1057m,23.8908km/s,10,345.5度
2017年10月05日,9小时35分4秒,N 40.47.670度,E 111.41.711度,1058m,22.7796km/s,9,343.8度
2017年10月05日,9小时35分5秒,N 40.47.674度,E 111.41.709度,1057m,22.9648km/s,10,342.7度
2017年10月05日,9小时35分6秒,N 40.47.677度,E 111.41.708度,1057m,22.4092km/s,9,342.1度
2017年10月05日,9小时35分7秒,N 40.47.680度,E 111.41.707度,1057m,21.8536km/s,9,341.1度
2017年10月05日,9小时35分8秒,N 40.47.683度,E 111.41.705度,1057m,20.9276km/s,9,340.8度
2017年10月05日,9小时35分9秒,N 40.47.686度,E 111.41.704度,1057m,17.5940km/s,9,341.0度
2017年10月05日,9小时35分10秒,N 40.47.688度,E 111.41.704度,1058m,16.4828km/s,9,340.9度
2017年10月05日,9小时35分11秒,N 40.47.690度,E 111.41.703度,1058m,16.6680km/s,9,341.5度
2017年10月05日,9小时35分12秒,N 40.47.693度,E 111.41.702度,1057m,17.4088km/s,9,342.1度
2017年10月05日,9小时35分13秒,N 40.47.695度,E 111.41.701度,1057m,15.3716km/s,9,343.1度
2017年10月05日,9小时35分14秒,N 40.47.697度,E 111.41.701度,1057m,11.1120km/s,9,342.0度
2017年10月05日,9小时35分15秒,N 40.47.699度,E 111.41.700度,1057m,9.8156km/s,9,341.7度
2017年10月05日,9小时35分16秒,N 40.47.700度,E 111.41.700度,1056m,9.0748km/s,9,343.9度
2017年10月05日,9小时35分17秒,N 40.47.701度,E 111.41.699度,1056m,4.4448km/s,9,343.9度
2017年10月05日,9小时35分18秒,N 40.47.702度,E 111.41.700度,1056m,3.7040km/s,9,343.9度
2017年10月05日,9小时35分19秒,N 40.47.702度,E 111.41.700度,1057m,4.2596km/s,9,343.9度
2017年10月05日,9小时35分20秒,N 40.47.703度,E 111.41.701度,1057m,5.7412km/s,9,333.9度
2017年10月05日,9小时35分21秒,N 40.47.704度,E 111.41.700度,1057m,10.5564km/s,8,334.5度
2017年10月05日,9小时35分22秒,N 40.47.706度,E 111.41.700度,1057m,17.4088km/s,8,335.5度
2017年10月05日,9小时35分23秒,N 40.47.710度,E 111.41.699度,1057m,24.2612km/s,8,336.1度
2017年10月05日,9小时35分24秒,N 40.47.713度,E 111.41.698度,1057m,24.2612km/s,8,336.7度
2017年10月05日,9小时35分25秒,N 40.47.716度,E 111.41.697度,1057m,17.0384km/s,8,339.7度
2017年10月05日,9小时35分26秒,N 40.47.718度,E 111.41.696度,1057m,8.3340km/s,8,347.2度
2017年10月05日,9小时35分27秒,N 40.47.719度,E 111.41.696度,1057m,0.0000km/s,8,347.2度
2017年10月05日,9小时35分28秒,N 40.47.719度,E 111.41.696度,1057m,0.0000km/s,8,347.2度
2017年10月05日,9小时35分29秒,N 40.47.719度,E 111.41.695度,1057m,0.0000km/s,8,347.2度
2017年10月05日,9小时35分30秒,N 40.47.719度,E 111.41.695度,1057m,0.0000km/s,7,347.2度
2017年10月05日,9小时35分31秒,N 40.47.719度,E 111.41.695度,1057m,0.0000km/s,8,347.2度
2017年10月05日,9小时35分32秒,N 40.47.719度,E 111.41.695度,1057m,0.0000km/s,8,347.2度
2017年10月05日,9小时35分33秒,N 40.47.719度,E 111.41.695度,1057m,0.0000km/s,8,347.2度
2017年10月05日,9小时35分34秒,N 40.47.719度,E 111.41.695度,1057m,0.0000km/s,8,347.2度
2017年10月05日,9小时35分35秒,N 40.47.719度,E 111.41.695度,1057m,0.0000km/s,7,347.2度
2017年10月05日,9小时35分36秒,N 40.47.719度,E 111.41.695度,1057m,0.0000km/s,7,347.2度
2017年10月05日,9小时35分37秒,N 40.47.719度,E 111.41.695度,1057m,0.0000km/s,7,347.2度
2017年10月05日,9小时35分38秒,N 40.47.719度,E 111.41.695度,1057m,0.0000km/s,7,347.2度
2017年10月05日,9小时35分39秒,N 40.47.719度,E 111.41.695度,1057m,0.0000km/s,7,347.2度
2017年10月05日,9小时35分40秒,N 40.47.719度,E 111.41.695度,1057m,0.0000km/s,7,347.2度
2017年10月05日,9小时35分41秒,N 40.47.719度,E 111.41.695度,1057m,0.0000km/s,7,347.2度
2017年10月05日,9小时35分42秒,N 40.47.719度,E 111.41.695度,1057m,0.0000km/s,7,347.2度
2017年10月05日,9小时35分43秒,N 40.47.719度,E 111.41.695度,1057m,0.0000km/s,7,347.2度
2017年10月05日,9小时35分44秒,N 40.47.719度,E 111.41.695度,1057m,0.0000km/s,7,347.2度
2017年10月05日,9小时35分45秒,N 40.47.719度,E 111.41.695度,1057m,0.0000km/s,7,347.2度
2017年10月05日,9小时35分46秒,N 40.47.719度,E 111.41.695度,1057m,0.0000km/s,7,347.2度
2017年10月05日,9小时35分47秒,N 40.47.719度,E 111.41.695度,1057m,0.0000km/s,7,347.2度
2017年10月05日,9小时35分48秒,N 40.47.719度,E 111.41.695度,1057m,0.0000km/s,7,347.2度
2017年10月05日,9小时35分49秒,N 40.47.719度,E 111.41.695度,1057m,0.0000km/s,7,347.2度
2017年10月05日,9小时35分50秒,N 40.47.719度,E 111.41.695度,1057m,0.0000km/s,7,347.2度
2017年10月05日,9小时35分51秒,N 40.47.719度,E 111.41.695度,1057m,0.0000km/s,7,347.2度
2017年10月05日,9小时35分52秒,N 40.47.719度,E 111.41.695度,1057m,0.0000km/s,7,347.2度
2017年10月05日,9小时35分53秒,N 40.47.719度,E 111.41.695度,1057m,0.0000km/s,7,347.2度
2017年10月05日,9小时35分54秒,N 40.47.719度,E 111.41.695度,1057m,0.0000km/s,8,347.2度
2017年10月05日,9小时35分55秒,N 40.47.719度,E 111.41.695度,1057m,0.0000km/s,8,347.2度
2017年10月05日,9小时35分56秒,N 40.47.719度,E 111.41.695度,1057m,0.0000km/s,8,347.2度
2017年10月05日,9小时35分57秒,N 40.47.719度,E 111.41.695度,1057m,0.0000km/s,8,347.2度
2017年10月05日,9小时35分58秒,N 40.47.719度,E 111.41.695度,1057m,0.0000km/s,8,347.2度
2017年10月05日,9小时35分59秒,N 40.47.719度,E 111.41.695度,1057m,0.0000km/s,8,347.2度
2017年10月05日,9小时36分0秒,N 40.47.719度,E 111.41.695度,1057m,0.0000km/s,9,347.2度
2017年10月05日,9小时36分1秒,N 40.47.719度,E 111.41.695度,1057m,0.0000km/s,9,347.2度
2017年10月05日,9小时36分2秒,N 40.47.719度,E 111.41.695度,1057m,0.0000km/s,9,347.2度
2017年10月05日,9小时36分3秒,N 40.47.719度,E 111.41.695度,1057m,0.0000km/s,8,347.2度
2017年10月05日,9小时36分4秒,N 40.47.719度,E 111.41.695度,1057m,0.0000km/s,8,347.2度
2017年10月05日,9小时36分5秒,N 40.47.719度,E 111.41.695度,1057m,0.0000km/s,8,347.2度
2017年10月05日,9小时36分6秒,N 40.47.719度,E 111.41.695度,1057m,0.0000km/s,8,347.2度
2017年10月05日,9小时36分7秒,N 40.47.719度,E 111.41.695度,1057m,0.0000km/s,8,347.2度
2017年10月05日,9小时36分8秒,N 40.47.719度,E 111.41.695度,1057m,0.0000km/s,8,347.2度
2017年10月05日,9小时36分9秒,N 40.47.719度,E 111.41.695度,1057m,0.0000km/s,8,347.2度
2017年10月05日,9小时36分10秒,N 40.47.719度,E 111.41.695度,1057m,0.0000km/s,8,347.2度
2017年10月05日,9小时36分11秒,N 40.47.719度,E 111.41.695度,1057m,0.0000km/s,8,347.2度
2017年10月05日,9小时36分12秒,N 40.47.719度,E 111.41.695度,1057m,0.0000km/s,8,347.2度
2017年10月05日,9小时36分13秒,N 40.47.719度,E 111.41.695度,1057m,0.0000km/s,8,347.2度
2017年10月05日,9小时36分14秒,N 40.47.719度,E 111.41.695度,1057m,0.0000km/s,8,347.2度
2017年10月05日,9小时36分15秒,N 40.47.719度,E 111.41.695度,1057m,0.0000km/s,8,347.2度
2017年10月05日,9小时36分16秒,N 40.47.719度,E 111.41.695度,1057m,0.0000km/s,8,347.2度
2017年10月05日,9小时36分17秒,N 40.47.719度,E 111.41.695度,1057m,0.0000km/s,8,347.2度
2017年10月05日,9小时36分18秒,N 40.47.719度,E 111.41.695度,1057m,0.0000km/s,8,347.2度
2017年10月05日,9小时36分19秒,N 40.47.719度,E 111.41.695度,1057m,0.0000km/s,8,347.2度
2017年10月05日,9小时36分20秒,N 40.47.719度,E 111.41.695度,1057m,0.0000km/s,8,347.2度
2017年10月05日,9小时36分21秒,N 40.47.719度,E 111.41.695度,1057m,0.0000km/s,8,347.2度
2017年10月05日,9小时36分22秒,N 40.47.719度,E 111.41.695度,1057m,0.0000km/s,8,347.2度
2017年10月05日,9小时36分23秒,N 40.47.719度,E 111.41.695度,1057m,0.0000km/s,8,347.2度
2017年10月05日,9小时36分24秒,N 40.47.719度,E 111.41.695度,1057m,0.0000km/s,9,347.2度
2017年10月05日,9小时36分25秒,N 40.47.719度,E 111.41.695度,1057m,0.0000km/s,8,347.2度
2017年10月05日,9小时36分26秒,N 40.47.719度,E 111.41.695度,1057m,0.0000km/s,9,347.2度
2017年10月05日,9小时36分27秒,N 40.47.719度,E 111.41.695度,1057m,0.0000km/s,9,347.2度
2017年10月05日,9小时36分28秒,N 40.47.719度,E 111.41.695度,1057m,0.0000km/s,9,347.2度
2017年10月05日,9小时36分29秒,N 40.47.719度,E 111.41.695度,1057m,0.0000km/s,9,347.2度
2017年10月05日,9小时36分30秒,N 40.47.719度,E 111.41.695度,1057m,0.0000km/s,10,347.2度
2017年10月05日,9小时36分31秒,N 40.47.719度,E 111.41.695度,1057m,0.0000km/s,9,347.2度
2017年10月05日,9小时36分32秒,N 40.47.719度,E 111.41.695度,1057m,0.0000km/s,9,347.2度
2017年10月05日,9小时36分33秒,N 40.47.719度,E 111.41.695度,1057m,0.0000km/s,9,347.2度
2017年10月05日,9小时36分34秒,N 40.47.719度,E 111.41.695度,1057m,0.0000km/s,9,347.2度
2017年10月05日,9小时36分35秒,N 40.47.719度,E 111.41.695度,1057m,0.0000km/s,9,347.2度
2017年10月05日,9小时36分36秒,N 40.47.719度,E 111.41.695度,1057m,0.0000km/s,9,347.2度
2017年10月05日,9小时36分37秒,N 40.47.719度,E 111.41.695度,1057m,0.0000km/s,9,347.2度
2017年10月05日,9小时36分38秒,N 40.47.719度,E 111.41.695度,1057m,0.0000km/s,9,347.2度
2017年10月05日,9小时36分39秒,N 40.47.719度,E 111.41.695度,1057m,0.0000km/s,9,347.2度
2017年10月05日,9小时36分40秒,N 40.47.719度,E 111.41.695度,1057m,0.0000km/s,9,347.2度
2017年10月05日,9小时36分41秒,N 40.47.719度,E 111.41.695度,1057m,0.0000km/s,9,347.2度
2017年10月05日,9小时36分42秒,N 40.47.719度,E 111.41.695度,1057m,0.0000km/s,9,347.2度
2017年10月05日,9小时36分43秒,N 40.47.719度,E 111.41.695度,1057m,0.0000km/s,9,347.2度
2017年10月05日,9小时36分44秒,N 40.47.719度,E 111.41.695度,1057m,0.0000km/s,9,347.2度
2017年10月05日,9小时36分45秒,N 40.47.719度,E 111.41.695度,1057m,0.0000km/s,9,347.2度
2017年10月05日,9小时36分46秒,N 40.47.719度,E 111.41.695度,1057m,0.0000km/s,9,347.2度
2017年10月05日,9小时36分47秒,N 40.47.719度,E 111.41.695度,1057m,0.0000km/s,10,347.2度
2017年10月05日,9小时36分48秒,N 40.47.719度,E 111.41.695度,1057m,0.0000km/s,10,347.2度
2017年10月05日,9小时36分49秒,N 40.47.719度,E 111.41.695度,1057m,0.0000km/s,10,347.2度
2017年10月05日,9小时36分50秒,N 40.47.719度,E 111.41.695度,1057m,0.0000km/s,10,347.2度
2017年10月05日,9小时36分51秒,N 40.47.719度,E 111.41.695度,1057m,0.0000km/s,10,347.2度
2017年10月05日,9小时36分52秒,N 40.47.719度,E 111.41.695度,1057m,0.0000km/s,10,347.2度
2017年10月05日,9小时36分53秒,N 40.47.719度,E 111.41.695度,1057m,0.0000km/s,10,347.2度
2017年10月05日,9小时36分54秒,N 40.47.719度,E 111.41.695度,1057m,0.0000km/s,10,347.2度
2017年10月05日,9小时36分55秒,N 40.47.719度,E 111.41.695度,1057m,0.0000km/s,10,347.2度
2017年10月05日,9小时36分56秒,N 40.47.719度,E 111.41.695度,1057m,0.0000km/s,10,347.2度
2017年10月05日,9小时36分57秒,N 40.47.719度,E 111.41.695度,1057m,0.0000km/s,10,347.2度
2017年10月05日,9小时36分58秒,N 40.47.719度,E 111.41.695度,1057m,0.0000km/s,10,347.2度
2017年10月05日,9小时36分59秒,N 40.47.719度,E 111.41.695度,1057m,0.0000km/s,10,347.2度
2017年10月05日,9小时37分0秒,N 40.47.719度,E 111.41.695度,1057m,0.0000km/s,10,347.2度
2017年10月05日,9小时37分1秒,N 40.47.719度,E 111.41.695度,1057m,0.0000km/s,10,347.2度
2017年10月05日,9小时37分2秒,N 40.47.719度,E 111.41.695度,1057m,0.0000km/s,10,347.2度
2017年10月05日,9小时37分3秒,N 40.47.719度,E 111.41.695度,1057m,0.0000km/s,10,347.2度
2017年10月05日,9小时37分4秒,N 40.47.719度,E 111.41.695度,1057m,0.0000km/s,10,347.2度
2017年10月05日,9小时37分5秒,N 40.47.722度,E 111.41.691度,1053m,6.4820km/s,9,343.1度
2017年10月05日,9小时37分6秒,N 40.47.724度,E 111.41.690度,1053m,14.4456km/s,10,342.6度
2017年10月05日,9小时37分7秒,N 40.47.726度,E 111.41.688度,1054m,20.3720km/s,10,339.3度
2017年10月05日,9小时37分8秒,N 40.47.730度,E 111.41.687度,1054m,24.0760km/s,10,340.1度
2017年10月05日,9小时37分9秒,N 40.47.733度,E 111.41.685度,1054m,27.4096km/s,10,339.4度
2017年10月05日,9小时37分10秒,N 40.47.737度,E 111.41.682度,1054m,29.4468km/s,10,338.5度
2017年10月05日,9小时37分11秒,N 40.47.742度,E 111.41.680度,1054m,29.6320km/s,10,337.7度
2017年10月05日,9小时37分12秒,N 40.47.746度,E 111.41.678度,1054m,30.0024km/s,10,338.3度
2017年10月05日,9小时37分13秒,N 40.47.750度,E 111.41.676度,1055m,32.9656km/s,10,338.1度
2017年10月05日,9小时37分14秒,N 40.47.755度,E 111.41.673度,1055m,33.5212km/s,10,338.6度
2017年10月05日,9小时37分15秒,N 40.47.760度,E 111.41.670度,1056m,36.2992km/s,9,338.8度
2017年10月05日,9小时37分16秒,N 40.47.765度,E 111.41.668度,1056m,37.5956km/s,10,338.1度
2017年10月05日,9小时37分17秒,N 40.47.770度,E 111.41.665度,1056m,37.2252km/s,9,338.9度
2017年10月05日,9小时37分18秒,N 40.47.776度,E 111.41.663度,1056m,37.0400km/s,9,340.1度
2017年10月05日,9小时37分19秒,N 40.47.781度,E 111.41.660度,1057m,38.5216km/s,9,341.3度
2017年10月05日,9小时37分20秒,N 40.47.787度,E 111.41.658度,1057m,40.3736km/s,10,342.9度
2017年10月05日,9小时37分21秒,N 40.47.793度,E 111.41.656度,1057m,42.4108km/s,10,344.0度
2017年10月05日,9小时37分22秒,N 40.47.800度,E 111.41.653度,1058m,43.5220km/s,10,343.0度
2017年10月05日,9小时37分23秒,N 40.47.806度,E 111.41.650度,1059m,44.0776km/s,10,343.2度
2017年10月05日,9小时37分24秒,N 40.47.813度,E 111.41.648度,1059m,42.7812km/s,9,343.9度
2017年10月05日,9小时37分25秒,N 40.47.818度,E 111.41.646度,1060m,37.2252km/s,10,345.0度
2017年10月05日,9小时37分26秒,N 40.47.823度,E 111.41.645度,1060m,28.3356km/s,9,346.2度
2017年10月05日,9小时37分27秒,N 40.47.827度,E 111.41.644度,1060m,23.1500km/s,10,346.7度
2017年10月05日,9小时37分28秒,N 40.47.830度,E 111.41.642度,1060m,19.4460km/s,10,345.8度
2017年10月05日,9小时37分29秒,N 40.47.832度,E 111.41.641度,1060m,15.3716km/s,10,344.2度
2017年10月05日,9小时37分30秒,N 40.47.834度,E 111.41.640度,1060m,12.7788km/s,10,342.0度
2017年10月05日,9小时37分31秒,N 40.47.836度,E 111.41.639度,1061m,12.2232km/s,9,339.9度
2017年10月05日,9小时37分32秒,N 40.47.838度,E 111.41.638度,1061m,15.9272km/s,10,337.9度
2017年10月05日,9小时37分33秒,N 40.47.840度,E 111.41.637度,1061m,21.8536km/s,9,337.2度
2017年10月05日,9小时37分34秒,N 40.47.844度,E 111.41.635度,1061m,26.8540km/s,10,337.4度
2017年10月05日,9小时37分35秒,N 40.47.848度,E 111.41.633度,1061m,28.5208km/s,9,338.2度
2017年10月05日,9小时37分36秒,N 40.47.853度,E 111.41.630度,1061m,32.4100km/s,9,339.2度
2017年10月05日,9小时37分37秒,N 40.47.857度,E 111.41.628度,1061m,34.0768km/s,9,339.8度
2017年10月05日,9小时37分38秒,N 40.47.862度,E 111.41.626度,1061m,34.0768km/s,9,340.5度
2017年10月05日,9小时37分39秒,N 40.47.867度,E 111.41.623度,1061m,35.1880km/s,9,341.4度
2017年10月05日,9小时37分40秒,N 40.47.873度,E 111.41.621度,1062m,34.6324km/s,9,342.5度
2017年10月05日,9小时37分41秒,N 40.47.878度,E 111.41.619度,1062m,34.6324km/s,9,343.4度
2017年10月05日,9小时37分42秒,N 40.47.883度,E 111.41.617度,1062m,35.7436km/s,10,343.7度
2017年10月05日,9小时37分43秒,N 40.47.889度,E 111.41.615度,1062m,36.6696km/s,10,343.1度
2017年10月05日,9小时37分44秒,N 40.47.894度,E 111.41.612度,1062m,36.1140km/s,10,341.8度
2017年10月05日,9小时37分45秒,N 40.47.899度,E 111.41.610度,1062m,35.1880km/s,9,340.4度
2017年10月05日,9小时37分46秒,N 40.47.904度,E 111.41.607度,1062m,34.6324km/s,10,339.8度
2017年10月05日,9小时37分47秒,N 40.47.909度,E 111.41.605度,1062m,35.1880km/s,10,339.3度
2017年10月05日,9小时37分48秒,N 40.47.914度,E 111.41.603度,1062m,32.4100km/s,10,339.9度
2017年10月05日,9小时37分49秒,N 40.47.919度,E 111.41.601度,1062m,30.7432km/s,10,340.6度
2017年10月05日,9小时37分50秒,N 40.47.923度,E 111.41.599度,1063m,28.7060km/s,10,340.9度
2017年10月05日,9小时37分51秒,N 40.47.927度,E 111.41.597度,1063m,26.6688km/s,10,340.9度
2017年10月05日,9小时37分52秒,N 40.47.930度,E 111.41.594度,1064m,24.6316km/s,9,340.4度
2017年10月05日,9小时37分53秒,N 40.47.934度,E 111.41.593度,1064m,22.7796km/s,9,339.6度
2017年10月05日,9小时37分54秒,N 40.47.937度,E 111.41.591度,1064m,20.5572km/s,9,339.0度
2017年10月05日,9小时37分55秒,N 40.47.939度,E 111.41.590度,1064m,18.1496km/s,9,338.7度
2017年10月05日,9小时37分56秒,N 40.47.942度,E 111.41.589度,1063m,17.5940km/s,9,338.4度
2017年10月05日,9小时37分57秒,N 40.47.945度,E 111.41.587度,1063m,18.8904km/s,9,344.7度
2017年10月05日,9小时37分58秒,N 40.47.947度,E 111.41.587度,1063m,18.5200km/s,10,344.9度
2017年10月05日,9小时37分59秒,N 40.47.950度,E 111.41.586度,1063m,15.9272km/s,10,347.4度
2017年10月05日,9小时38分0秒,N 40.47.952度,E 111.41.586度,1062m,14.6308km/s,10,354.1度
2017年10月05日,9小时38分1秒,N 40.47.955度,E 111.41.585度,1062m,15.9272km/s,10,353.3度
2017年10月05日,9小时38分2秒,N 40.47.957度,E 111.41.584度,1062m,17.2236km/s,10,352.4度
2017年10月05日,9小时38分3秒,N 40.47.959度,E 111.41.583度,1062m,14.8160km/s,10,351.4度
2017年10月05日,9小时38分4秒,N 40.47.961度,E 111.41.582度,1062m,12.7788km/s,10,350.5度
2017年10月05日,9小时38分5秒,N 40.47.963度,E 111.41.582度,1062m,8.3340km/s,10,349.3度
2017年10月05日,9小时38分6秒,N 40.47.964度,E 111.41.581度,1062m,5.9264km/s,10,345.4度
2017年10月05日,9小时38分7秒,N 40.47.964度,E 111.41.582度,1063m,4.0744km/s,10,345.4度
2017年10月05日,9小时38分8秒,N 40.47.965度,E 111.41.581度,1063m,0.1852km/s,10,345.4度
2017年10月05日,9小时38分9秒,N 40.47.965度,E 111.41.581度,1063m,0.0000km/s,10,345.4度
2017年10月05日,9小时38分10秒,N 40.47.966度,E 111.41.580度,1064m,0.0000km/s,10,345.4度
2017年10月05日,9小时38分11秒,N 40.47.966度,E 111.41.580度,1064m,0.0000km/s,10,345.4度
2017年10月05日,9小时38分12秒,N 40.47.966度,E 111.41.580度,1064m,0.0000km/s,9,345.4度
2017年10月05日,9小时38分13秒,N 40.47.966度,E 111.41.580度,1064m,0.0000km/s,9,345.4度
2017年10月05日,9小时38分14秒,N 40.47.966度,E 111.41.580度,1064m,0.0000km/s,9,345.4度
2017年10月05日,9小时38分15秒,N 40.47.966度,E 111.41.580度,1064m,0.0000km/s,9,345.4度
2017年10月05日,9小时38分16秒,N 40.47.966度,E 111.41.580度,1064m,0.0000km/s,9,345.4度
2017年10月05日,9小时38分17秒,N 40.47.966度,E 111.41.580度,1064m,0.0000km/s,9,345.4度
2017年10月05日,9小时38分18秒,N 40.47.966度,E 111.41.580度,1064m,0.0000km/s,9,345.4度
2017年10月05日,9小时38分19秒,N 40.47.967度,E 111.41.580度,1064m,2.9632km/s,9,345.4度
2017年10月05日,9小时38分20秒,N 40.47.967度,E 111.41.579度,1064m,4.6300km/s,9,345.4度
2017年10月05日,9小时38分21秒,N 40.47.969度,E 111.41.579度,1064m,5.3708km/s,10,337.4度
2017年10月05日,9小时38分22秒,N 40.47.970度,E 111.41.579度,1064m,4.0744km/s,10,340.6度
2017年10月05日,9小时38分23秒,N 40.47.970度,E 111.41.578度,1064m,1.4816km/s,10,341.4度
2017年10月05日,9小时38分24秒,N 40.47.970度,E 111.41.578度,1064m,0.0000km/s,10,341.4度
2017年10月05日,9小时38分25秒,N 40.47.971度,E 111.41.578度,1064m,0.0000km/s,10,341.4度
2017年10月05日,9小时38分26秒,N 40.47.971度,E 111.41.578度,1064m,0.0000km/s,10,341.4度
2017年10月05日,9小时38分27秒,N 40.47.971度,E 111.41.578度,1064m,0.0000km/s,10,341.4度
2017年10月05日,9小时38分28秒,N 40.47.971度,E 111.41.578度,1064m,0.0000km/s,10,341.4度
2017年10月05日,9小时38分29秒,N 40.47.971度,E 111.41.578度,1064m,0.0000km/s,10,341.4度
2017年10月05日,9小时38分30秒,N 40.47.971度,E 111.41.578度,1064m,0.0000km/s,10,341.4度
2017年10月05日,9小时38分31秒,N 40.47.971度,E 111.41.578度,1064m,0.0000km/s,10,341.4度
2017年10月05日,9小时38分32秒,N 40.47.971度,E 111.41.578度,1064m,0.0000km/s,10,341.4度
2017年10月05日,9小时38分33秒,N 40.47.971度,E 111.41.578度,1064m,0.0000km/s,10,341.4度
2017年10月05日,9小时38分34秒,N 40.47.971度,E 111.41.578度,1064m,0.0000km/s,10,341.4度
2017年10月05日,9小时38分35秒,N 40.47.971度,E 111.41.578度,1064m,0.0000km/s,10,341.4度
2017年10月05日,9小时38分36秒,N 40.47.971度,E 111.41.578度,1064m,0.0000km/s,10,341.4度
2017年10月05日,9小时38分37秒,N 40.47.972度,E 111.41.578度,1064m,2.2224km/s,10,335.6度
2017年10月05日,9小时38分38秒,N 40.47.972度,E 111.41.578度,1064m,2.9632km/s,10,338.4度
2017年10月05日,9小时38分39秒,N 40.47.973度,E 111.41.578度,1064m,2.5928km/s,10,345.1度
2017年10月05日,9小时38分40秒,N 40.47.973度,E 111.41.577度,1064m,2.7780km/s,10,344.4度
2017年10月05日,9小时38分41秒,N 40.47.974度,E 111.41.577度,1064m,3.1484km/s,10,343.8度
2017年10月05日,9小时38分42秒,N 40.47.974度,E 111.41.577度,1064m,2.7780km/s,9,346.0度
2017年10月05日,9小时38分43秒,N 40.47.975度,E 111.41.577度,1064m,1.8520km/s,9,348.3度
2017年10月05日,9小时38分44秒,N 40.47.975度,E 111.41.577度,1064m,1.2964km/s,9,356.5度
2017年10月05日,9小时38分45秒,N 40.47.975度,E 111.41.577度,1064m,0.7408km/s,10,356.5度
2017年10月05日,9小时38分46秒,N 40.47.975度,E 111.41.577度,1063m,0.7408km/s,9,356.5度
2017年10月05日,9小时38分47秒,N 40.47.975度,E 111.41.577度,1063m,0.9260km/s,9,351.0度
2017年10月05日,9小时38分48秒,N 40.47.976度,E 111.41.577度,1063m,1.2964km/s,9,338.0度
2017年10月05日,9小时38分49秒,N 40.47.976度,E 111.41.577度,1063m,1.8520km/s,9,334.6度
2017年10月05日,9小时38分50秒,N 40.47.976度,E 111.41.577度,1063m,1.1112km/s,10,351.2度
2017年10月05日,9小时38分51秒,N 40.47.976度,E 111.41.577度,1063m,0.0000km/s,8,351.2度
2017年10月05日,9小时38分52秒,N 40.47.976度,E 111.41.577度,1063m,0.0000km/s,9,351.2度
2017年10月05日,9小时38分53秒,N 40.47.976度,E 111.41.577度,1063m,0.0000km/s,9,351.2度
2017年10月05日,9小时38分54秒,N 40.47.976度,E 111.41.577度,1063m,0.0000km/s,9,351.2度
2017年10月05日,9小时38分55秒,N 40.47.976度,E 111.41.577度,1063m,0.0000km/s,9,351.2度
2017年10月05日,9小时38分56秒,N 40.47.976度,E 111.41.577度,1063m,0.0000km/s,9,351.2度
2017年10月05日,9小时38分57秒,N 40.47.976度,E 111.41.577度,1063m,0.0000km/s,9,351.2度
2017年10月05日,9小时38分58秒,N 40.47.976度,E 111.41.577度,1063m,0.0000km/s,9,351.2度
2017年10月05日,9小时38分59秒,N 40.47.976度,E 111.41.577度,1063m,0.0000km/s,10,351.2度
2017年10月05日,9小时39分0秒,N 40.47.976度,E 111.41.577度,1063m,0.0000km/s,10,351.2度
2017年10月05日,9小时39分1秒,N 40.47.976度,E 111.41.577度,1063m,0.0000km/s,10,351.2度
2017年10月05日,9小时39分2秒,N 40.47.976度,E 111.41.577度,1063m,0.0000km/s,10,351.2度
2017年10月05日,9小时39分3秒,N 40.47.976度,E 111.41.577度,1063m,0.0000km/s,10,351.2度
2017年10月05日,9小时39分4秒,N 40.47.976度,E 111.41.577度,1063m,0.0000km/s,10,351.2度
2017年10月05日,9小时39分5秒,N 40.47.976度,E 111.41.577度,1063m,0.0000km/s,10,351.2度
2017年10月05日,9小时39分6秒,N 40.47.976度,E 111.41.577度,1063m,0.0000km/s,9,351.2度
2017年10月05日,9小时39分7秒,N 40.47.976度,E 111.41.577度,1063m,0.0000km/s,9,351.2度
2017年10月05日,9小时39分8秒,N 40.47.976度,E 111.41.577度,1063m,0.0000km/s,10,351.2度
2017年10月05日,9小时39分9秒,N 40.47.976度,E 111.41.577度,1063m,0.0000km/s,10,351.2度
2017年10月05日,9小时39分10秒,N 40.47.976度,E 111.41.577度,1063m,0.0000km/s,10,351.2度
2017年10月05日,9小时39分11秒,N 40.47.976度,E 111.41.577度,1063m,0.0000km/s,10,351.2度
2017年10月05日,9小时39分12秒,N 40.47.976度,E 111.41.577度,1063m,0.0000km/s,10,351.2度
2017年10月05日,9小时39分13秒,N 40.47.977度,E 111.41.576度,1063m,4.6300km/s,10,323.8度
2017年10月05日,9小时39分14秒,N 40.47.978度,E 111.41.575度,1063m,11.1120km/s,10,324.5度
2017年10月05日,9小时39分15秒,N 40.47.981度,E 111.41.574度,1063m,14.8160km/s,9,325.9度
2017年10月05日,9小时39分16秒,N 40.47.983度,E 111.41.573度,1063m,17.0384km/s,10,326.8度
2017年10月05日,9小时39分17秒,N 40.47.986度,E 111.41.572度,1063m,21.8536km/s,10,328.2度
2017年10月05日,9小时39分18秒,N 40.47.990度,E 111.41.570度,1063m,22.7796km/s,10,329.7度
2017年10月05日,9小时39分19秒,N 40.47.993度,E 111.41.569度,1063m,20.5572km/s,10,331.0度
2017年10月05日,9小时39分20秒,N 40.47.996度,E 111.41.567度,1063m,19.6312km/s,10,332.2度
2017年10月05日,9小时39分21秒,N 40.47.998度,E 111.41.566度,1063m,16.4828km/s,10,333.4度
2017年10月05日,9小时39分22秒,N 40.48.000度,E 111.41.565度,1064m,12.7788km/s,10,334.3度
2017年10月05日,9小时39分23秒,N 40.48.002度,E 111.41.564度,1064m,14.4456km/s,10,335.2度
2017年10月05日,9小时39分24秒,N 40.48.005度,E 111.41.562度,1065m,16.8532km/s,10,336.0度
2017年10月05日,9小时39分25秒,N 40.48.007度,E 111.41.560度,1066m,18.3348km/s,10,336.9度
2017年10月05日,9小时39分26秒,N 40.48.010度,E 111.41.559度,1066m,19.0756km/s,10,337.6度
2017年10月05日,9小时39分27秒,N 40.48.013度,E 111.41.557度,1067m,22.5944km/s,10,339.7度
2017年10月05日,9小时39分28秒,N 40.48.016度,E 111.41.555度,1067m,25.3724km/s,10,340.9度
2017年10月05日,9小时39分29秒,N 40.48.020度,E 111.41.554度,1068m,26.8540km/s,10,341.7度
2017年10月05日,9小时39分30秒,N 40.48.024度,E 111.41.552度,1069m,27.0392km/s,10,342.2度
2017年10月05日,9小时39分31秒,N 40.48.028度,E 111.41.550度,1069m,26.1132km/s,10,342.3度
2017年10月05日,9小时39分31秒,N 40.48.028度,E 111.41.550度,1069m,26.1132km/s,10,342.3度
2017年10月05日,9小时39分32秒,N 40.48.031度,E 111.41.549度,1069m,22.9648km/s,10,341.9度
2017年10月05日,9小时39分33秒,N 40.48.034度,E 111.41.547度,1069m,17.5940km/s,10,341.9度
2017年10月05日,9小时39分34秒,N 40.48.037度,E 111.41.546度,1069m,14.4456km/s,10,341.7度
2017年10月05日,9小时39分35秒,N 40.48.039度,E 111.41.545度,1068m,16.1124km/s,9,342.2度
2017年10月05日,9小时39分36秒,N 40.48.042度,E 111.41.544度,1069m,19.4460km/s,10,342.2度
2017年10月05日,9小时39分37秒,N 40.48.045度,E 111.41.543度,1069m,20.1868km/s,9,341.7度
2017年10月05日,9小时39分38秒,N 40.48.047度,E 111.41.541度,1068m,20.7424km/s,9,340.9度
2017年10月05日,9小时39分39秒,N 40.48.051度,E 111.41.540度,1068m,22.4092km/s,9,339.6度
2017年10月05日,9小时39分40秒,N 40.48.054度,E 111.41.538度,1067m,26.8540km/s,9,338.2度
2017年10月05日,9小时39分41秒,N 40.48.058度,E 111.41.535度,1067m,31.1136km/s,8,337.5度
2017年10月05日,9小时39分42秒,N 40.48.063度,E 111.41.533度,1067m,32.2248km/s,9,338.0度
2017年10月05日,9小时39分44秒,N 40.48.072度,E 111.41.529度,1067m,28.5208km/s,9,339.2度
2017年10月05日,9小时39分45秒,N 40.48.076度,E 111.41.527度,1067m,29.8172km/s,9,341.1度
2017年10月05日,9小时39分46秒,N 40.48.081度,E 111.41.526度,1068m,31.6692km/s,9,343.0度
2017年10月05日,9小时39分46秒,N 40.48.081度,E 111.41.526度,1068m,31.6692km/s,9,343.0度
2017年10月05日,9小时39分48秒,N 40.48.092度,E 111.41.523度,1068m,36.8548km/s,8,345.9度
2017年10月05日,9小时39分48秒,N 40.48.092度,E 111.41.523度,1069m,36.8548km/s,8,345.9度
2017年10月05日,9小时39分50秒,N 40.48.103度,E 111.41.519度,1069m,37.4104km/s,8,346.0度
2017年10月05日,9小时39分50秒,N 40.48.103度,E 111.41.519度,1070m,37.4104km/s,9,346.0度
2017年10月05日,9小时39分51秒,N 40.48.108度,E 111.41.516度,1070m,37.7808km/s,9,345.7度
2017年10月05日,9小时39分52秒,N 40.48.113度,E 111.41.513度,1070m,39.4476km/s,9,345.4度
2017年10月05日,9小时39分53秒,N 40.48.119度,E 111.41.510度,1070m,39.6328km/s,9,344.6度
2017年10月05日,9小时39分55秒,N 40.48.131度,E 111.41.505度,1070m,40.1884km/s,9,342.0度
2017年10月05日,9小时39分55秒,N 40.48.131度,E 111.41.505度,1069m,40.1884km/s,9,342.0度
2017年10月05日,9小时39分56秒,N 40.48.137度,E 111.41.502度,1069m,41.8552km/s,9,341.1度
2017年10月05日,9小时39分57秒,N 40.48.142度,E 111.41.499度,1070m,40.0032km/s,10,340.5度
2017年10月05日,9小时39分58秒,N 40.48.148度,E 111.41.496度,1070m,37.0400km/s,10,340.5度
2017年10月05日,9小时39分59秒,N 40.48.153度,E 111.41.494度,1070m,35.1880km/s,10,341.6度
2017年10月05日,9小时40分0秒,N 40.48.158度,E 111.41.492度,1070m,34.6324km/s,10,343.0度
2017年10月05日,9小时40分2秒,N 40.48.168度,E 111.41.488度,1070m,34.4472km/s,10,343.7度
2017年10月05日,9小时40分2秒,N 40.48.168度,E 111.41.488度,1069m,34.4472km/s,10,343.7度
2017年10月05日,9小时40分4秒,N 40.48.178度,E 111.41.483度,1069m,35.0028km/s,10,341.3度
2017年10月05日,9小时40分4秒,N 40.48.178度,E 111.41.483度,1070m,35.0028km/s,10,341.3度
2017年10月05日,9小时40分5秒,N 40.48.183度,E 111.41.481度,1069m,35.0028km/s,10,340.1度
2017年10月05日,9小时40分6秒,N 40.48.189度,E 111.41.478度,1069m,33.8916km/s,10,340.0度
2017年10月05日,9小时40分7秒,N 40.48.193度,E 111.41.476度,1069m,33.8916km/s,10,340.2度
2017年10月05日,9小时40分8秒,N 40.48.198度,E 111.41.473度,1069m,33.1508km/s,10,340.5度
2017年10月05日,9小时40分9秒,N 40.48.203度,E 111.41.471度,1070m,33.1508km/s,10,341.2度
2017年10月05日,9小时40分10秒,N 40.48.207度,E 111.41.469度,1070m,32.7804km/s,10,341.3度
2017年10月05日,9小时40分11秒,N 40.48.212度,E 111.41.466度,1070m,32.2248km/s,10,341.1度
2017年10月05日,9小时40分12秒,N 40.48.216度,E 111.41.464度,1070m,31.1136km/s,10,341.3度
2017年10月05日,9小时40分13秒,N 40.48.221度,E 111.41.462度,1070m,31.1136km/s,10,342.1度
2017年10月05日,9小时40分14秒,N 40.48.225度,E 111.41.460度,1070m,31.8544km/s,10,342.3度
2017年10月05日,9小时40分16秒,N 40.48.235度,E 111.41.455度,1071m,36.8548km/s,10,340.2度
2017年10月05日,9小时40分16秒,N 40.48.235度,E 111.41.455度,1070m,36.8548km/s,10,340.2度
2017年10月05日,9小时40分17秒,N 40.48.240度,E 111.41.452度,1071m,37.2252km/s,10,339.4度
2017年10月05日,9小时40分19秒,N 40.48.250度,E 111.41.447度,1071m,33.8916km/s,10,339.5度
2017年10月05日,9小时40分19秒,N 40.48.250度,E 111.41.447度,1071m,33.8916km/s,10,339.5度
2017年10月05日,9小时40分20秒,N 40.48.255度,E 111.41.445度,1071m,30.3728km/s,10,340.6度
2017年10月05日,9小时40分22秒,N 40.48.262度,E 111.41.441度,1071m,24.4464km/s,10,340.4度
2017年10月05日,9小时40分22秒,N 40.48.262度,E 111.41.441度,1071m,24.4464km/s,10,340.4度
2017年10月05日,9小时40分23秒,N 40.48.265度,E 111.41.439度,1071m,20.5572km/s,10,339.8度
2017年10月05日,9小时40分24秒,N 40.48.268度,E 111.41.438度,1071m,16.6680km/s,10,339.6度
2017年10月05日,9小时40分25秒,N 40.48.270度,E 111.41.438度,1071m,10.3712km/s,10,340.3度
2017年10月05日,9小时40分26秒,N 40.48.272度,E 111.41.438度,1070m,5.3708km/s,10,340.6度
2017年10月05日,9小时40分28秒,N 40.48.273度,E 111.41.438度,1070m,0.1852km/s,10,340.9度
2017年10月05日,9小时40分29秒,N 40.48.273度,E 111.41.438度,1070m,0.1852km/s,10,340.9度
2017年10月05日,9小时40分29秒,N 40.48.273度,E 111.41.438度,1070m,0.1852km/s,10,340.9度
2017年10月05日,9小时40分30秒,N 40.48.273度,E 111.41.438度,1070m,0.0000km/s,10,340.9度
2017年10月05日,9小时40分31秒,N 40.48.273度,E 111.41.437度,1070m,0.0000km/s,10,340.9度
2017年10月05日,9小时40分32秒,N 40.48.273度,E 111.41.437度,1070m,0.0000km/s,10,340.9度
2017年10月05日,9小时40分34秒,N 40.48.273度,E 111.41.437度,1070m,0.0000km/s,10,340.9度
2017年10月05日,9小时40分34秒,N 40.48.273度,E 111.41.437度,1070m,0.0000km/s,10,340.9度
2017年10月05日,9小时40分35秒,N 40.48.273度,E 111.41.437度,1070m,0.0000km/s,10,340.9度
2017年10月05日,9小时40分36秒,N 40.48.273度,E 111.41.437度,1070m,0.0000km/s,10,340.9度
2017年10月05日,9小时40分37秒,N 40.48.273度,E 111.41.436度,1070m,0.0000km/s,10,340.9度
2017年10月05日,9小时40分38秒,N 40.48.273度,E 111.41.436度,1070m,0.0000km/s,10,340.9度
2017年10月05日,9小时40分39秒,N 40.48.273度,E 111.41.436度,1070m,0.0000km/s,10,340.9度
2017年10月05日,9小时40分40秒,N 40.48.273度,E 111.41.436度,1070m,0.0000km/s,10,340.9度
2017年10月05日,9小时40分41秒,N 40.48.273度,E 111.41.436度,1070m,4.8152km/s,10,340.9度
2017年10月05日,9小时40分42秒,N 40.48.273度,E 111.41.435度,1070m,7.0376km/s,10,239.1度
2017年10月05日,9小时40分43秒,N 40.48.272度,E 111.41.434度,1069m,8.5192km/s,10,203.6度
2017年10月05日,9小时40分44秒,N 40.48.270度,E 111.41.433度,1069m,10.1860km/s,10,178.3度
2017年10月05日,9小时40分45秒,N 40.48.268度,E 111.41.434度,1068m,15.7420km/s,10,156.6度
2017年10月05日,9小时40分46秒,N 40.48.266度,E 111.41.436度,1068m,17.7792km/s,10,153.1度
2017年10月05日,9小时40分47秒,N 40.48.263度,E 111.41.437度,1067m,19.4460km/s,10,155.3度
2017年10月05日,9小时40分48秒,N 40.48.260度,E 111.41.439度,1066m,21.1128km/s,10,156.6度
2017年10月05日,9小时40分49秒,N 40.48.257度,E 111.41.440度,1065m,22.4092km/s,10,158.3度
2017年10月05日,9小时40分50秒,N 40.48.254度,E 111.41.442度,1065m,24.0760km/s,9,160.0度
2017年10月05日,9小时40分51秒,N 40.48.250度,E 111.41.444度,1064m,24.8168km/s,9,160.3度
2017年10月05日,9小时40分52秒,N 40.48.247度,E 111.41.445度,1064m,25.3724km/s,9,161.5度
2017年10月05日,9小时40分53秒,N 40.48.243度,E 111.41.447度,1063m,25.9280km/s,10,162.6度
2017年10月05日,9小时40分54秒,N 40.48.240度,E 111.41.448度,1062m,26.2984km/s,9,163.2度
2017年10月05日,9小时40分55秒,N 40.48.236度,E 111.41.450度,1062m,26.2984km/s,9,163.4度
2017年10月05日,9小时40分56秒,N 40.48.232度,E 111.41.451度,1061m,24.8168km/s,9,163.6度
2017年10月05日,9小时40分57秒,N 40.48.229度,E 111.41.452度,1060m,22.9648km/s,10,164.2度
2017年10月05日,9小时40分58秒,N 40.48.226度,E 111.41.453度,1060m,20.9276km/s,10,164.5度
2017年10月05日,9小时40分59秒,N 40.48.223度,E 111.41.454度,1059m,16.2976km/s,10,165.1度
2017年10月05日,9小时41分0秒,N 40.48.220度,E 111.41.454度,1058m,11.8528km/s,10,166.8度
2017年10月05日,9小时41分1秒,N 40.48.219度,E 111.41.454度,1058m,8.3340km/s,10,175.7度
2017年10月05日,9小时41分2秒,N 40.48.218度,E 111.41.454度,1058m,6.6672km/s,10,186.3度
2017年10月05日,9小时41分3秒,N 40.48.217度,E 111.41.454度,1057m,5.7412km/s,10,201.9度
2017年10月05日,9小时41分4秒,N 40.48.216度,E 111.41.453度,1057m,6.2968km/s,10,220.2度
2017年10月05日,9小时41分5秒,N 40.48.215度,E 111.41.452度,1056m,5.5560km/s,10,219.9度
2017年10月05日,9小时41分6秒,N 40.48.214度,E 111.41.451度,1056m,6.4820km/s,10,221.4度
2017年10月05日,9小时41分7秒,N 40.48.214度,E 111.41.450度,1055m,7.5932km/s,10,224.2度
2017年10月05日,9小时41分8秒,N 40.48.213度,E 111.41.449度,1055m,8.1488km/s,10,226.4度
2017年10月05日,9小时41分9秒,N 40.48.213度,E 111.41.447度,1055m,8.5192km/s,10,228.9度
2017年10月05日,9小时41分10秒,N 40.48.212度,E 111.41.445度,1054m,7.9636km/s,10,256.4度
2017年10月05日,9小时41分11秒,N 40.48.212度,E 111.41.444度,1054m,7.7784km/s,10,255.0度
2017年10月05日,9小时41分12秒,N 40.48.211度,E 111.41.442度,1054m,5.5560km/s,10,254.4度
2017年10月05日,9小时41分13秒,N 40.48.211度,E 111.41.442度,1053m,0.1852km/s,10,254.4度
2017年10月05日,9小时41分15秒,N 40.48.211度,E 111.41.441度,1054m,0.0000km/s,10,254.4度
2017年10月05日,9小时41分15秒,N 40.48.211度,E 111.41.441度,1054m,0.0000km/s,10,254.4度
2017年10月05日,9小时41分16秒,N 40.48.211度,E 111.41.441度,1054m,0.0000km/s,10,254.3度
2017年10月05日,9小时41分17秒,N 40.48.211度,E 111.41.441度,1054m,0.0000km/s,10,254.4度
2017年10月05日,9小时41分18秒,N 40.48.211度,E 111.41.441度,1054m,0.0000km/s,10,254.4度
2017年10月05日,9小时41分19秒,N 40.48.211度,E 111.41.441度,1054m,0.1852km/s,10,254.4度
2017年10月05日,9小时41分20秒,N 40.48.210度,E 111.41.440度,1054m,0.5556km/s,10,254.4度
2017年10月05日,9小时41分21秒,N 40.48.211度,E 111.41.438度,1054m,14.8160km/s,10,281.9度
2017年10月05日,9小时41分23秒,N 40.48.212度,E 111.41.430度,1053m,19.6312km/s,10,281.8度
2017年10月05日,9小时41分24秒,N 40.48.212度,E 111.41.425度,1053m,19.0756km/s,9,271.1度
2017年10月05日,9小时41分24秒,N 40.48.212度,E 111.41.425度,1053m,19.0756km/s,10,271.1度
2017年10月05日,9小时41分25秒,N 40.48.212度,E 111.41.421度,1053m,19.0756km/s,10,256.0度
2017年10月05日,9小时41分26秒,N 40.48.211度,E 111.41.417度,1053m,17.9644km/s,10,243.6度
2017年10月05日,9小时41分27秒,N 40.48.210度,E 111.41.414度,1052m,16.4828km/s,10,232.4度
2017年10月05日,9小时41分28秒,N 40.48.208度,E 111.41.412度,1052m,13.8900km/s,10,222.3度
2017年10月05日,9小时41分29秒,N 40.48.207度,E 111.41.410度,1052m,12.4084km/s,10,210.5度
2017年10月05日,9小时41分30秒,N 40.48.205度,E 111.41.409度,1053m,11.6676km/s,10,196.5度
2017年10月05日,9小时41分31秒,N 40.48.203度,E 111.41.408度,1053m,10.3712km/s,10,176.7度
2017年10月05日,9小时41分32秒,N 40.48.201度,E 111.41.409度,1052m,11.4824km/s,10,170.5度
2017年10月05日,9小时41分33秒,N 40.48.199度,E 111.41.409度,1052m,14.4456km/s,10,168.3度
2017年10月05日,9小时41分34秒,N 40.48.197度,E 111.41.410度,1052m,16.8532km/s,10,168.0度
2017年10月05日,9小时41分35秒,N 40.48.195度,E 111.41.411度,1051m,19.4460km/s,10,167.2度
2017年10月05日,9小时41分36秒,N 40.48.192度,E 111.41.412度,1051m,20.0016km/s,10,164.9度
2017年10月05日,9小时41分37秒,N 40.48.189度,E 111.41.413度,1051m,19.6312km/s,10,162.1度
2017年10月05日,9小时41分38秒,N 40.48.186度,E 111.41.414度,1051m,19.4460km/s,10,163.2度
2017年10月05日,9小时41分40秒,N 40.48.180度,E 111.41.417度,1051m,21.8536km/s,10,161.8度
2017年10月05日,9小时41分40秒,N 40.48.180度,E 111.41.417度,1050m,21.8536km/s,10,161.8度
2017年10月05日,9小时41分41秒,N 40.48.177度,E 111.41.418度,1050m,22.2240km/s,10,160.1度
2017年10月05日,9小时41分42秒,N 40.48.173度,E 111.41.420度,1049m,23.3352km/s,10,158.8度
2017年10月05日,9小时41分44秒,N 40.48.166度,E 111.41.423度,1049m,24.2612km/s,10,158.5度
2017年10月05日,9小时41分44秒,N 40.48.166度,E 111.41.423度,1049m,24.2612km/s,10,158.5度
2017年10月05日,9小时41分45秒,N 40.48.163度,E 111.41.425度,1048m,24.2612km/s,10,158.6度
2017年10月05日,9小时41分47秒,N 40.48.156度,E 111.41.427度,1048m,22.7796km/s,10,166.9度
2017年10月05日,9小时41分48秒,N 40.48.152度,E 111.41.429度,1047m,24.4464km/s,10,163.4度
2017年10月05日,9小时41分48秒,N 40.48.152度,E 111.41.429度,1047m,24.4464km/s,10,163.4度
2017年10月05日,9小时41分49秒,N 40.48.149度,E 111.41.430度,1046m,24.8168km/s,10,162.8度
2017年10月05日,9小时41分50秒,N 40.48.145度,E 111.41.432度,1046m,24.8168km/s,10,162.1度
2017年10月05日,9小时41分51秒,N 40.48.142度,E 111.41.433度,1046m,26.2984km/s,10,160.9度
2017年10月05日,9小时41分52秒,N 40.48.138度,E 111.41.435度,1046m,26.8540km/s,10,160.1度
2017年10月05日,9小时41分53秒,N 40.48.134度,E 111.41.437度,1045m,25.0020km/s,10,160.2度
2017年10月05日,9小时41分54秒,N 40.48.130度,E 111.41.438度,1045m,24.0760km/s,10,167.0度
2017年10月05日,9小时41分55秒,N 40.48.126度,E 111.41.440度,1045m,22.4092km/s,10,166.2度
2017年10月05日,9小时41分56秒,N 40.48.123度,E 111.41.442度,1045m,22.9648km/s,10,164.3度
2017年10月05日,9小时41分57秒,N 40.48.120度,E 111.41.443度,1044m,22.5944km/s,10,164.9度
2017年10月05日,9小时41分58秒,N 40.48.117度,E 111.41.444度,1044m,21.1128km/s,10,163.9度
2017年10月05日,9小时41分59秒,N 40.48.114度,E 111.41.446度,1044m,21.1128km/s,10,162.8度
2017年10月05日,9小时42分0秒,N 40.48.111度,E 111.41.447度,1043m,21.1128km/s,10,162.7度
2017年10月05日,9小时42分1秒,N 40.48.108度,E 111.41.448度,1043m,21.1128km/s,10,162.0度
2017年10月05日,9小时42分2秒,N 40.48.105度,E 111.41.450度,1043m,21.8536km/s,10,161.3度
2017年10月05日,9小时42分3秒,N 40.48.102度,E 111.41.451度,1042m,21.8536km/s,9,160.7度
2017年10月05日,9小时42分4秒,N 40.48.098度,E 111.41.452度,1042m,20.9276km/s,10,161.0度
2017年10月05日,9小时42分5秒,N 40.48.096度,E 111.41.453度,1042m,18.8904km/s,10,171.4度
2017年10月05日,9小时42分6秒,N 40.48.093度,E 111.41.453度,1042m,17.4088km/s,10,187.2度
2017年10月05日,9小时42分7秒,N 40.48.091度,E 111.41.452度,1041m,16.6680km/s,10,199.6度
2017年10月05日,9小时42分8秒,N 40.48.088度,E 111.41.451度,1041m,15.9272km/s,10,215.7度
2017年10月05日,9小时42分9秒,N 40.48.087度,E 111.41.449度,1041m,14.4456km/s,10,229.1度
2017年10月05日,9小时42分10秒,N 40.48.086度,E 111.41.446度,1041m,16.4828km/s,10,243.3度
2017年10月05日,9小时42分11秒,N 40.48.085度,E 111.41.443度,1042m,17.5940km/s,10,245.2度
2017年10月05日,9小时42分13秒,N 40.48.083度,E 111.41.436度,1042m,15.1864km/s,10,253.7度
2017年10月05日,9小时42分14秒,N 40.48.082度,E 111.41.433度,1042m,15.0012km/s,10,252.7度
2017年10月05日,9小时42分14秒,N 40.48.082度,E 111.41.433度,1041m,15.0012km/s,10,252.7度
2017年10月05日,9小时42分15秒,N 40.48.081度,E 111.41.431度,1041m,14.2604km/s,10,252.0度
2017年10月05日,9小时42分16秒,N 40.48.081度,E 111.41.428度,1041m,14.0752km/s,10,248.9度
2017年10月05日,9小时42分18秒,N 40.48.079度,E 111.41.423度,1041m,13.3344km/s,10,250.0度
2017年10月05日,9小时42分18秒,N 40.48.079度,E 111.41.423度,1041m,13.3344km/s,10,250.0度
2017年10月05日,9小时42分20秒,N 40.48.078度,E 111.41.419度,1041m,10.9268km/s,10,251.7度
2017年10月05日,9小时42分20秒,N 40.48.078度,E 111.41.419度,1042m,10.9268km/s,10,251.7度
2017年10月05日,9小时42分21秒,N 40.48.077度,E 111.41.417度,1042m,7.2228km/s,10,251.9度
2017年10月05日,9小时42分23秒,N 40.48.076度,E 111.41.414度,1042m,7.4080km/s,10,258.6度
2017年10月05日,9小时42分23秒,N 40.48.076度,E 111.41.414度,1042m,7.4080km/s,10,258.6度
2017年10月05日,9小时42分24秒,N 40.48.076度,E 111.41.413度,1042m,6.8524km/s,10,256.9度
2017年10月05日,9小时42分26秒,N 40.48.075度,E 111.41.411度,1042m,5.7412km/s,10,253.5度
2017年10月05日,9小时42分26秒,N 40.48.075度,E 111.41.411度,1043m,5.7412km/s,10,253.5度
2017年10月05日,9小时42分28秒,N 40.48.075度,E 111.41.408度,1043m,7.2228km/s,10,249.8度
2017年10月05日,9小时42分28秒,N 40.48.075度,E 111.41.408度,1044m,7.2228km/s,10,249.8度
2017年10月05日,9小时42分30秒,N 40.48.074度,E 111.41.404度,1044m,7.2228km/s,10,250.6度
2017年10月05日,9小时42分31秒,N 40.48.074度,E 111.41.402度,1044m,6.1116km/s,10,252.0度
2017年10月05日,9小时42分32秒,N 40.48.075度,E 111.41.401度,1045m,6.1116km/s,10,255.6度
2017年10月05日,9小时42分32秒,N 40.48.075度,E 111.41.401度,1045m,6.1116km/s,10,255.6度
2017年10月05日,9小时42分33秒,N 40.48.076度,E 111.41.400度,1046m,7.9636km/s,10,260.9度
2017年10月05日,9小时42分35秒,N 40.48.078度,E 111.41.400度,1046m,5.0004km/s,10,354.6度
2017年10月05日,9小时42分35秒,N 40.48.078度,E 111.41.400度,1047m,5.0004km/s,10,354.6度
2017年10月05日,9小时42分37秒,N 40.48.079度,E 111.41.401度,1047m,5.0004km/s,10,354.6度
2017年10月05日,9小时42分37秒,N 40.48.079度,E 111.41.401度,1047m,5.0004km/s,10,354.6度
2017年10月05日,9小时42分39秒,N 40.48.080度,E 111.41.402度,1048m,4.6300km/s,10,354.6度
2017年10月05日,9小时42分39秒,N 40.48.080度,E 111.41.402度,1048m,4.6300km/s,10,354.6度
2017年10月05日,9小时42分40秒,N 40.48.080度,E 111.41.403度,1048m,3.1484km/s,10,354.6度
2017年10月05日,9小时42分41秒,N 40.48.080度,E 111.41.403度,1049m,3.1484km/s,10,354.6度
2017年10月05日,9小时42分42秒,N 40.48.080度,E 111.41.404度,1049m,2.9632km/s,10,354.6度
2017年10月05日,9小时42分44秒,N 40.48.080度,E 111.41.405度,1049m,2.5928km/s,10,354.6度
2017年10月05日,9小时42分44秒,N 40.48.080度,E 111.41.405度,1049m,2.5928km/s,10,354.6度
2017年10月05日,9小时42分45秒,N 40.48.081度,E 111.41.405度,1049m,2.7780km/s,10,354.6度
2017年10月05日,9小时42分47秒,N 40.48.081度,E 111.41.407度,1049m,2.2224km/s,10,354.6度
2017年10月05日,9小时42分47秒,N 40.48.081度,E 111.41.407度,1049m,2.2224km/s,10,354.6度
2017年10月05日,9小时42分49秒,N 40.48.081度,E 111.41.407度,1050m,0.7408km/s,10,354.6度
2017年10月05日,9小时42分50秒,N 40.48.081度,E 111.41.407度,1050m,0.0000km/s,10,354.6度
2017年10月05日,9小时42分50秒,N 40.48.081度,E 111.41.407度,1050m,0.0000km/s,10,354.6度
2017年10月05日,9小时42分52秒,N 40.48.081度,E 111.41.408度,1050m,0.0000km/s,10,354.6度
2017年10月05日,9小时42分53秒,N 40.48.081度,E 111.41.408度,1050m,0.0000km/s,10,354.6度
2017年10月05日,9小时42分53秒,N 40.48.081度,E 111.41.408度,1050m,0.0000km/s,10,354.6度
2017年10月05日,9小时42分55秒,N 40.48.081度,E 111.41.408度,1050m,0.0000km/s,10,354.6度
2017年10月05日,9小时42分56秒,N 40.48.081度,E 111.41.408度,1050m,0.0000km/s,10,354.6度
2017年10月05日,9小时42分56秒,N 40.48.081度,E 111.41.408度,1050m,0.0000km/s,10,354.6度
2017年10月05日,9小时42分58秒,N 40.48.081度,E 111.41.408度,1050m,0.0000km/s,10,354.6度
2017年10月05日,9小时42分58秒,N 40.48.081度,E 111.41.408度,1050m,0.0000km/s,10,354.6度
2017年10月05日,9小时43分0秒,N 40.48.081度,E 111.41.408度,1050m,0.0000km/s,9,354.6度
2017年10月05日,9小时43分0秒,N 40.48.081度,E 111.41.408度,1050m,0.0000km/s,9,354.6度
2017年10月05日,9小时43分2秒,N 40.48.081度,E 111.41.408度,1050m,0.0000km/s,9,354.6度
2017年10月05日,9小时43分3秒,N 40.48.081度,E 111.41.408度,1050m,0.0000km/s,9,354.6度
2017年10月05日,9小时43分3秒,N 40.48.081度,E 111.41.408度,1050m,0.0000km/s,9,354.6度
2017年10月05日,9小时43分5秒,N 40.48.081度,E 111.41.408度,1050m,0.0000km/s,9,354.6度
2017年10月05日,9小时43分5秒,N 40.48.081度,E 111.41.408度,1050m,0.0000km/s,9,354.6度
2017年10月05日,9小时43分6秒,N 40.48.081度,E 111.41.408度,1050m,0.0000km/s,9,354.6度
2017年10月05日,9小时43分7秒,N 40.48.081度,E 111.41.408度,1050m,0.0000km/s,9,354.6度
2017年10月05日,9小时43分9秒,N 40.48.081度,E 111.41.408度,1050m,0.0000km/s,9,354.6度
2017年10月05日,9小时43分10秒,N 40.48.081度,E 111.41.408度,1050m,0.0000km/s,9,354.6度
2017年10月05日,9小时43分10秒,N 40.48.081度,E 111.41.408度,1050m,0.0000km/s,9,354.6度
2017年10月05日,9小时43分10秒,N 40.48.081度,E 111.41.408度,1050m,0.0000km/s,9,354.6度
